block_number,timestamp,total_borrowed,base_interest_rate,supply_rate,available_liquidity,expected_liquidity,total_supply,locked_lp_eth_balance,credit_manager_borrowed,credit_manager_debt_limit,credit_manager_borrowable
21395031,2024-12-13 21:17,23873892733681247000,14081416366482680571428571,694001766572939193264952,460531525771632607197,484405429588166493338,484405418505313854197,937386658167061105,23873892733681247000,100000000000000000000000000,460531525771632607197
21398531,2024-12-14 09:01,23078273233869862899,13612141357603781714285714,648515121275021216692434,461327154801409346626,484406156839045180370,484405428035279209525,19975251662976402394,23078273233869862899,100000000000000000000000000,461327154801409346626
21402031,2024-12-14 20:45,217531527030584262899,127918371953483829428571428,57267664890757949191611130,268351757494792230131,485898610313309616839,485883284525376493030,21250251662976402394,217531527030584262899,100000000000000000000000000,268351757494792230131
21405531,2024-12-15 08:27,251838252141318148899,148102265273933418857142857,76753784947922899051693678,234045032384058344131,485941060106203661327,485883284525376493030,21250251662976402394,251838252141318148899,100000000000000000000000000,234045032384058344131
21409031,2024-12-15 20:12,259415284649188747899,152570716873119649428571428,81438883949910047325116671,226469499876187745131,485998506206381225108,485884784525376493030,34510251662976402394,259415284649188747899,100000000000000000000000000,226469499876187745131
21412531,2024-12-16 07:56,259415284649188747899,151314838298475870571428571,80087064671621906370686518,230548535115796329960,490133856319922655506,489963819764985077859,34510251662976402394,259415284649188747899,100000000000000000000000000,230548535115796329960
21416031,2024-12-16 19:39,261574517056513592899,152580927191543681428571428,81419921805575391186942668,228389302708471484960,490190624813767591558,489963819764985077859,34510251662976402394,261574517056513592899,100000000000000000000000000,228389302708471484960
21419531,2024-12-17 07:21,261574517056513592899,152580927191543681428571428,81410483163751116339284253,228389302708471484960,490247456975344723054,489963819764985077859,39207349511644492110,261574517056513592899,100000000000000000000000000,228389302708471484960
21423031,2024-12-17 19:04,261574517056513592899,152580927191543681428571428,81401044023425148547770740,228389302708471484960,490304305319200207946,489963819764985077859,39277349511644492110,261574517056513592899,100000000000000000000000000,228389302708471484960
21426531,2024-12-18 06:48,261574517056513592899,152580927191543681428571428,81391588269812609637163174,228389302708471484960,490361266939004166619,489963819764985077859,39277349511644492110,261574517056513592899,100000000000000000000000000,228389302708471484960
21430031,2024-12-18 18:31,261574517056513592899,152627390934090053142857142,81398033223218559357636015,228442830826189768353,490471753337060473394,490017347882703361252,39277349511644492110,261574517056513592899,100000000000000000000000000,228442830826189768353
21433531,2024-12-19 06:16,261574517056513592899,152627390934090053142857142,81388564917397320054084870,228442830826189768353,490528812170349743822,490017347882703361252,39277349511644492110,261574517056513592899,100000000000000000000000000,228442830826189768353
21437031,2024-12-19 18:01,261574517056513592899,152627390934090053142857142,81379101499153843655014625,228442830826189768353,490585854816735953464,490017347882703361252,40297349511644492110,261574517056513592899,100000000000000000000000000,228442830826189768353
21440531,2024-12-20 05:44,263986319110787384399,154089320557968152000000000,82906485758421015050186864,226031028771915976853,490642826990751814900,490017347882703361252,40297349511644492110,263986319110787384399,100000000000000000000000000,226031028771915976853
21444031,2024-12-20 17:28,266992033762288908399,157391127317615220285714285,86480330635785322076625757,218239908669594364550,485916009683718462817,485231942431883272949,40297349511644492110,266992033762288908399,100000000000000000000000000,218239908669594364550
21447531,2024-12-21 05:11,266992033762288908399,157391127317615220285714285,86469681182981430888985342,218239908669594364550,485975854238954320004,485231942431883272949,41380858052449823116,266992033762288908399,100000000000000000000000000,218239908669594364550
21451031,2024-12-21 16:57,266992033762288908399,156443998830664254000000000,85411576179714494050302462,221239908669594364550,489035600160538093275,488231942431883272949,41480858052449823116,266992033762288908399,100000000000000000000000000,221239908669594364550
21454531,2024-12-22 04:43,313199466496189048399,183454373386498830000000000,117473007272757427398867300,175032475935694224550,489115016334214910864,488231942431883272949,41480858052449823116,313199466496189048399,100000000000000000000000000,175032475935694224550
21458031,2024-12-22 16:27,313199466496189048399,183454373386498830000000000,117453524600299352427148780,175032475935694224550,489196148575158672305,488231942431883272949,41510858052449823116,313199466496189048399,100000000000000000000000000,175032475935694224550
21461531,2024-12-23 04:12,313199466496189048399,183454373386498830000000000,117434020720758150016802303,175032475935694224550,489277396093512129343,488231942431883272949,41810858052449823116,313199466496189048399,100000000000000000000000000,175032475935694224550
21465031,2024-12-23 15:57,313199466496189048399,183454373386498830000000000,117414517785790694914690428,175032475935694224550,489358666667347525501,488231942431883272949,41910858052449823116,313199466496189048399,100000000000000000000000000,175032475935694224550
21468531,2024-12-24 03:42,389716553732742008499,308177504436759053750000000,241641054624044331472992154,106089299016898333740,497025950966445963270,495805852749640342239,43410858052449823116,389716553732742008499,100000000000000000000000000,106089299016898333740
21472031,2024-12-24 15:28,389716553732742008499,270215718121172060000000000,203611030533984382660783289,126100399016898333740,517199574867946613054,515816952749640342239,49410858052449823116,389716553732742008499,100000000000000000000000000,126100399016898333740
21475531,2024-12-25 03:12,389716553732742008499,269617156837549426250000000,202969649958017281213432998,126439404737750136697,517684635174193623780,516155958470492145196,53410858052449823116,389716553732742008499,100000000000000000000000000,126439404737750136697
21479031,2024-12-25 14:56,393676553732742008499,278845451946549540000000000,211879234394896418636980799,122750404737750136697,518101346079862520237,516426958470492145196,53540858052449823116,393676553732742008499,100000000000000000000000000,122750404737750136697
21482531,2024-12-26 02:41,393676553732742008499,278845451946549540000000000,211816895155387785423388551,122750404737750136697,518253827041682511680,516426958470492145196,60540858052449823116,393676553732742008499,100000000000000000000000000,122750404737750136697
21486031,2024-12-26 14:26,395874654319656389499,284312994231994545000000000,217111985672665786813797913,120552304150835755697,518406701322650842241,516426958470492145196,60540858052449823116,395874654319656389499,100000000000000000000000000,120552304150835755697
21489531,2024-12-27 02:09,395874654319656389499,283943258117048352500000000,216659993494965364125037951,120802304150835755697,518812621288551443601,516676958470492145196,60540858052449823116,395874654319656389499,100000000000000000000000000,120802304150835755697
21493031,2024-12-27 13:55,395874654319656389499,283943258117048352500000000,216594794818091366853456737,120802304150835755697,518968792615207528278,516676958470492145196,60540858052449823116,395874654319656389499,100000000000000000000000000,120802304150835755697
21496531,2024-12-28 01:37,395874654319656389499,283943258117048352500000000,216529875465497057028062877,120802304150835755697,519124388317467092087,516676958470492145196,60540858052449823116,395874654319656389499,100000000000000000000000000,120802304150835755697
21500031,2024-12-28 13:21,395874654319656389499,284140269500392330000000000,216606758063210713496143069,120822387424803530127,519300191612380272698,516697041744459919626,60590858052449823116,395874654319656389499,100000000000000000000000000,120822387424803530127
21503531,2024-12-29 01:04,395874654319656389499,284140269500392330000000000,216541759188918302990994139,120822387424803530127,519456068834404638600,516697041744459919626,60590858052449823116,395874654319656389499,100000000000000000000000000,120822387424803530127
21507031,2024-12-29 12:47,395874654319656389499,284140269500392330000000000,216476836231290336009593180,120822387424803530127,519611857439475039542,516697041744459919626,80590858052449823116,395874654319656389499,100000000000000000000000000,120822387424803530127
21510531,2024-12-30 00:30,417830857354965072499,337143054669226150000000000,270989500532232495560412841,98899683690499845402,519831105290218315418,516730541045464917901,106049527325934607173,417830857354965072499,100000000000000000000000000,98899683690499845402
21514031,2024-12-30 12:14,417830857354965072499,337143054669226150000000000,270888260047921850962395521,98899683690499845402,520025384484340678524,516730541045464917901,106049527325934607173,417830857354965072499,100000000000000000000000000,98899683690499845402
21517531,2024-12-30 23:58,417830857354965072499,336083627884388538750000000,269617594704566791166026496,99515095421971864313,520834371123935286704,517345952776936936812,106049527325934607173,417830857354965072499,100000000000000000000000000,99515095421971864313
21521031,2024-12-31 11:41,417830857354965072499,336083627884388538750000000,269517481267212183989029028,99515095421971864313,521027837310026369228,517345952776936936812,106049527325934607173,417830857354965072499,100000000000000000000000000,99515095421971864313
21524531,2024-12-31 23:26,417830857354965072499,334348083945597102500000000,267512929914277785081313250,100515095421971864313,522221287078514806660,518345952776936936812,106049527325934607173,417830857354965072499,100000000000000000000000000,100515095421971864313
21528031,2025-01-01 11:09,417830857354965072499,330354628317859256250000000,263140310263387703770089020,102659997421971864313,524558010299029541345,520490854776936936812,106189527325934607173,417830857354965072499,100000000000000000000000000,102659997421971864313
21531531,2025-01-01 22:53,417830857354965072499,330354628317859256250000000,263044900671088812701524320,102659997421971864313,524748273884341646416,520490854776936936812,106189527325934607173,417830857354965072499,100000000000000000000000000,102659997421971864313
21535031,2025-01-02 10:35,417830857354965072499,330354628317859256250000000,262949614453743718557237025,102659997421971864313,524938429242358352112,520490854776936936812,106189527325934607173,417830857354965072499,100000000000000000000000000,102659997421971864313
21538531,2025-01-02 22:18,417830857354965072499,330022849739617640000000000,262451433037943033207324806,102938336940983439654,525406657747217283799,520769194295948512153,106189527325934607173,417830857354965072499,100000000000000000000000000,102938336940983439654
21542031,2025-01-03 10:01,417830857354965072499,330069151793278973750000000,262383395729059183393412226,102958155362903190654,525616631711798029537,520789012717868263153,106189527325934607173,417830857354965072499,100000000000000000000000000,102958155362903190654
21545531,2025-01-03 21:44,417830857354965072499,330069151793278973750000000,262288531723846969114667560,102958155362903190654,525806735711247125988,520789012717868263153,106189527325934607173,417830857354965072499,100000000000000000000000000,102958155362903190654
21549031,2025-01-04 09:29,417830857354965072499,330187894039690935000000000,262254297925369993430081389,103025456846232945021,526064556219759747919,520856314201198017520,106189527325934607173,417830857354965072499,100000000000000000000000000,103025456846232945021
21552531,2025-01-04 21:12,417830857354965072499,330187894039690935000000000,262159555176185987336130279,103025456846232945021,526254672510852126163,520856314201198017520,106189527325934607173,417830857354965072499,100000000000000000000000000,103025456846232945021
21556031,2025-01-05 08:55,417830857354965072499,328289346082923651250000000,260022797971556609954975682,104109227455006531312,527528432138990869391,521940084809971603811,106189527325934607173,417830857354965072499,100000000000000000000000000,104109227455006531312
21559531,2025-01-05 20:40,432830857354965072499,363905407062825765000000000,298468311586699985493050010,89109227455006531312,527726003801769090095,521940084809971603811,106189527325934607173,432830857354965072499,100000000000000000000000000,89109227455006531312
21563031,2025-01-06 08:26,434429840534874887999,375841661551774163750000000,311657819038837857264479367,83461414562351318702,523897759401161059595,517891255097226206701,106189527325934607173,434429840534874887999,100000000000000000000000000,83461414562351318702
21566531,2025-01-06 20:11,434429840534874887999,371828595146112158750000000,306997399904668325406609613,85511414562351318702,526172004537474643916,519941255097226206701,105169527325934607173,434429840534874887999,100000000000000000000000000,85511414562351318702
21570031,2025-01-07 07:53,434429840534874887999,371828595146112158750000000,306868190540548738585082449,85511414562351318702,526393553568034173079,519941255097226206701,105169527325934607173,434429840534874887999,100000000000000000000000000,85511414562351318702
21573531,2025-01-07 19:36,434429840534874887999,366066544175685898750000000,300275751352354054172981438,88511414562351318702,529613962150358028711,522941255097226206701,105169527325934607173,434429840534874887999,100000000000000000000000000,88511414562351318702
21577031,2025-01-08 07:20,434429840534874887999,335582602893508023750000000,267098159683123229097834155,104511414562351318702,545818424336064743898,538941255097226206701,105169527325934607173,434429840534874887999,100000000000000000000000000,104511414562351318702
21580531,2025-01-08 19:03,434429840534874887999,339474436839466317500000000,271105735444245707714101367,102477388274869303838,543986372033672391877,536907228809744191837,105169527325934607173,434429840534874887999,100000000000000000000000000,102477388274869303838
21584031,2025-01-09 06:46,434429840534874887999,339474436839466317500000000,271004600764681473265262988,102477388274869303838,544189379241917934699,536907228809744191837,105169527325934607173,434429840534874887999,100000000000000000000000000,102477388274869303838
21587531,2025-01-09 18:31,430469840534874887999,328734532749000533750000000,259508231581187759174685723,107407248693679404756,545301784951268631780,537877089228554292755,105169527325934607173,430469840534874887999,100000000000000000000000000,107407248693679404756
21591031,2025-01-10 06:14,428058038480601096499,282874983897716723750000000,213008350423753448958967759,132846345529867426256,568460863161472259274,560904384010468522755,106159407841422437977,428058038480601096499,100000000000000000000000000,132846345529867426256
21594531,2025-01-10 17:59,413873182027295919278,249910010912280106250000000,181644347168249340828236282,148079480043067431773,569415195403454436429,561952662070363351051,106159407841422437977,413873182027295919278,100000000000000000000000000,148079480043067431773
21598031,2025-01-11 05:42,413873182027295919278,195386382988554782285714285,131212304820985655723456580,194838734220053396696,616292688117949911099,608711916247349315974,124299407841422437977,413873182027295919278,100000000000000000000000000,194838734220053396696
21601531,2025-01-11 17:26,413873182027295919278,193670168500512525428571428,128885812877351014572999981,200338734220053396696,621906221574176359680,614211916247349315974,124299407841422437977,413873182027295919278,100000000000000000000000000,200338734220053396696
21605031,2025-01-12 05:10,413873182027295919278,191262503677387537428571428,125669885798522622103479847,208212059105745281125,629891723832523412176,622085241133041200403,124299407841422437977,413873182027295919278,100000000000000000000000000,208212059105745281125
21608531,2025-01-12 16:52,411675081440381538278,150814404475375666000000000,78113054575203766122292061,375273527623044082698,794829143251705439928,786948609063425620976,124299407841422437977,411675081440381538278,100000000000000000000000000,375273527623044082698
21612031,2025-01-13 04:35,411675081440381538278,150814404475375666000000000,78104345913540764574275245,375273527623044082698,794917766976896543023,786948609063425620976,124299407841422437977,411675081440381538278,100000000000000000000000000,375273527623044082698
21615531,2025-01-13 16:22,411675081440381538278,150814404475375666000000000,78095602074045190919300985,375273527623044082698,795006768574707846955,786948609063425620976,124299407841422437977,411675081440381538278,100000000000000000000000000,375273527623044082698
21619031,2025-01-14 04:05,397772907383299508427,145826451489078338000000000,72954672131814423617485954,389273527623044082698,795093856050720618294,787046435006343591125,98840738567937653920,397772907383299508427,100000000000000000000000000,389273527623044082698
21622531,2025-01-14 15:49,397772907383299508427,145826451489078338000000000,72947055147699213627672639,389273527623044082698,795176878144750008503,787046435006343591125,98840738567937653920,397772907383299508427,100000000000000000000000000,389273527623044082698
21626031,2025-01-15 03:33,398812907383299508427,146228732954413707428571428,73331864959332745066803120,388233527623044082698,795260098251515569028,787046435006343591125,98840738567937653920,398812907383299508427,100000000000000000000000000,388233527623044082698
21629531,2025-01-15 15:17,398812907383299508427,146237046063641522571428571,73328116084156323634767461,388235988298070461696,795345968534811091601,787048895681369970123,98840738567937653920,398812907383299508427,100000000000000000000000000,388235988298070461696
21633031,2025-01-16 03:00,398812907383299508427,146237046063641522571428571,73320431052587746572793436,388235988298070461696,795429332186502481894,787048895681369970123,98840738567937653920,398812907383299508427,100000000000000000000000000,388235988298070461696
21636531,2025-01-16 14:44,433250471011334508427,152237987519939738857142857,79564374506235365370053385,387260842585763374066,828978801230474963317,820511313597097882493,98840738567937653920,433250471011334508427,100000000000000000000000000,387260842585763374066
21640031,2025-01-17 02:27,433250471011334508427,153732887732257960285714285,81121692368221320897951337,379235962995436593438,821048526916891684115,812486434006771101865,98840738567937653920,433250471011334508427,100000000000000000000000000,379235962995436593438
21643531,2025-01-17 14:11,433250471011334508427,153732887732257960285714285,81112303061300359857712280,379235962995436593438,821143568930560061012,812486434006771101865,88840738567937653920,433250471011334508427,100000000000000000000000000,379235962995436593438
21647031,2025-01-18 01:54,433250471011334508427,159180165443768529428571428,86928842553980868022256946,351345962995436593438,793348670337456965994,784596434006771101865,88840738567937653920,433250471011334508427,100000000000000000000000000,351345962995436593438
21650531,2025-01-18 13:39,433250471011334508427,150727592842593788285714285,77932339590348320240909120,395845962995436593438,837942257819062846880,829096434006771101865,88840738567937653920,433250471011334508427,100000000000000000000000000,395845962995436593438
21654031,2025-01-19 01:22,433250471011334508427,150727592842593788285714285,77923683183653597061761174,395845962995436593438,838035343369873899992,829096434006771101865,88840738567937653920,433250471011334508427,100000000000000000000000000,395845962995436593438
21657531,2025-01-19 13:06,433250471011334508427,147540015361467400000000000,74635931281368291211377248,414165962995436593438,856447826816791744789,847416434006771101865,88840738567937653920,433250471011334508427,100000000000000000000000000,414165962995436593438
21661031,2025-01-20 00:50,433250471011334508427,147540015361467400000000000,74627974193140954033028027,414165962995436593438,856539144194675476145,847416434006771101865,88840738567937653920,433250471011334508427,100000000000000000000000000,414165962995436593438
21664531,2025-01-20 12:32,433250471011334508427,147562103413141773142857142,74631195819699117594832348,414165962995436593438,856630395707689596047,847416434006771101865,88840738567937653920,433250471011334508427,100000000000000000000000000,414165962995436593438
21668031,2025-01-21 00:15,433250471011334508427,145879906795698388571428571,72920568445226225493641249,424175962995436593438,866731289647036266210,857426434006771101865,88840738567937653920,433250471011334508427,100000000000000000000000000,424175962995436593438
21671531,2025-01-21 12:00,481250471011334508427,161665581999494402000000000,89722260758932390849680072,376485962995436593438,867138621179165746118,857736434006771101865,88840738567937653920,481250471011334508427,100000000000000000000000000,376485962995436593438
21675031,2025-01-21 23:44,483217524818209087027,162316697031305372857142857,90439175124623866400292756,374528909188562014838,867259928764865930615,857746434006771101865,88840738567937653920,483217524818209087027,100000000000000000000000000,374528909188562014838
21678531,2025-01-22 11:27,483217524818209087027,158910338311364478000000000,86660571926604126133541667,393238909188562014838,886080701289121820439,876456434006771101865,88840738567937653920,483217524818209087027,100000000000000000000000000,393238909188562014838
21682031,2025-01-22 23:10,483217524818209087027,158373345447867874571428571,86058069751291252247350336,396318292695150512597,889269027363347586445,879535817513359599624,88840738567937653920,483217524818209087027,100000000000000000000000000,396318292695150512597
21685531,2025-01-23 10:54,484717524818209087027,158868956427238748000000000,86584703361779620850596979,394818292695150512597,889378427597125159093,879535817513359599624,88840738567937653920,484717524818209087027,100000000000000000000000000,394818292695150512597
21689031,2025-01-23 22:37,484717524818209087027,158882517242082352857142857,86580465210709649270538252,394828292695150512597,889497882773473198049,879545817513359599624,88840738567937653920,484717524818209087027,100000000000000000000000000,394828292695150512597
21692531,2025-01-24 10:20,484717524818209087027,158882517242082352857142857,86569806161987979397991911,394828292695150512597,889607403652526150781,879545817513359599624,88840738567937653920,484717524818209087027,100000000000000000000000000,394828292695150512597
21696031,2025-01-24 22:03,484717524818209087027,158882517242082352857142857,86559158828839757637800526,394828292695150512597,889716831083730082223,879545817513359599624,88840738567937653920,484717524818209087027,100000000000000000000000000,394828292695150512597
21699531,2025-01-25 09:48,484717524818209087027,158931755946015094571428571,86572334820352293341727353,394858794401065312702,889857106395766149279,879576319219274399729,88840738567937653920,484717524818209087027,100000000000000000000000000,394858794401065312702
21703031,2025-01-25 21:31,484717524818209087027,158931755946015094571428571,86561671907607444574823135,394858794401065312702,889966721523013336484,879576319219274399729,88840738567937653920,484717524818209087027,100000000000000000000000000,394858794401065312702
21706531,2025-01-26 09:13,484717524818209087027,158931755946015094571428571,86551035859910075173436383,394858794401065312702,890076087383342394780,879576319219274399729,88840738567937653920,484717524818209087027,100000000000000000000000000,394858794401065312702
21710031,2025-01-26 20:57,484717524818209087027,158931755946015094571428571,86540372134694817722715887,394858794401065312702,890185764827319114213,879576319219274399729,88840738567937653920,484717524818209087027,100000000000000000000000000,394858794401065312702
21713531,2025-01-27 08:40,484717524818209087027,158931755946015094571428571,86529729206945845149625902,394858794401065312702,890295255321107236963,879576319219274399729,88840738567937653920,484717524818209087027,100000000000000000000000000,394858794401065312702
21717031,2025-01-27 20:23,484717524818209087027,159026669045112769142857142,86580406676692614436705454,394759485420218701716,890305513203165229731,879477010238427788743,88840738567937653920,484717524818209087027,100000000000000000000000000,394759485420218701716
21720531,2025-01-28 08:07,484717524818209087027,159026669045112769142857142,86569745183383234367155561,394759485420218701716,890415158741016965137,879477010238427788743,88840738567937653920,484717524818209087027,100000000000000000000000000,394759485420218701716
21724031,2025-01-28 19:51,483619698875291116878,158697447235615408285714285,86184261235595238964570121,395864494517055244927,890524679843368961350,879484193392346361805,88840738567937653920,483619698875291116878,100000000000000000000000000,395864494517055244927
21727531,2025-01-29 07:34,483619698875291116878,158934589213128598000000000,86418806837690294842126988,394665468894085673001,889434846288554434234,878285167769376789879,88840738567937653920,483619698875291116878,100000000000000000000000000,394665468894085673001
21731031,2025-01-29 19:18,483619698875291116878,159487501315325330857142857,87002195004701246360132706,391665468894085673001,886544268869565525538,875285167769376789879,88840738567937653920,483619698875291116878,100000000000000000000000000,391665468894085673001
21734531,2025-01-30 07:01,483619698875291116878,159487501315325330857142857,86991437347331072620576700,391665468894085673001,886653901952760955389,875285167769376789879,88840738567937653920,483619698875291116878,100000000000000000000000000,391665468894085673001
21738031,2025-01-30 18:44,456884779658332003617,151380129162044974571428571,78276286254254756167629095,415426192492417502101,883578926217789800270,872310972150749505718,88840738567937653920,456884779658332003617,100000000000000000000000000,415426192492417502101
21741531,2025-01-31 06:28,456884779658332003617,151380129162044974571428571,78267543191897706807412519,415426192492417502101,883677628506557905705,872310972150749505718,88840738567937653920,456884779658332003617,100000000000000000000000000,415426192492417502101
21745031,2025-01-31 18:13,456884779658332003617,151751940825178462857142857,78628933455343252075938103,413426192492417502101,881776580195039442591,870310972150749505718,92359253783286965196,456884779658332003617,100000000000000000000000000,413426192492417502101
21748531,2025-02-01 05:57,456884779658332003617,152450817790345541142857142,79337512345156454990363044,409476192492417502101,877925917211176799934,866360972150749505718,92359253783286965196,456884779658332003617,100000000000000000000000000,409476192492417502101
21752031,2025-02-01 17:40,456884779658332003617,152279765042773288285714285,79142389654898728153999755,410553933196482579135,879102933350503852351,867438712854814582752,97298076867441549038,456884779658332003617,100000000000000000000000000,410553933196482579135
21755531,2025-02-02 05:24,456884779658332003617,154270252972952384000000000,81212859729031140557747084,399239611856850189453,867888789688644423361,856124391515182193070,97298076867441549038,456884779658332003617,100000000000000000000000000,399239611856850189453
21759031,2025-02-02 17:09,456884779658332003617,154270252972952384000000000,81203440622062125351933536,399239611856850189453,867989459528304708548,856124391515182193070,97298076867441549038,456884779658332003617,100000000000000000000000000,399239611856850189453
21762531,2025-02-03 04:53,456884779658332003617,154270252972952384000000000,81194034384336491151492062,399239611856850189453,868090015132685946603,856124391515182193070,97298076867441549038,456884779658332003617,100000000000000000000000000,399239611856850189453
21766031,2025-02-03 16:38,456884779658332003617,154270252972952384000000000,81184619643353520123730239,399239611856850189453,868190684972346231790,856124391515182193070,97298076867441549038,456884779658332003617,100000000000000000000000000,399239611856850189453
21769531,2025-02-04 04:21,456884779658332003617,156237977649700216857142857,83222717171613770100567458,388679611856850189453,857731595635698015012,845564391515182193070,117298076867441549038,456884779658332003617,100000000000000000000000000,388679611856850189453
21773031,2025-02-04 16:07,456884779658332003617,157557932339896778285714285,84614107066694534403401091,381600228350261691694,850754368226038894820,838485008008593695311,117298076867441549038,456884779658332003617,100000000000000000000000000,381600228350261691694
21776531,2025-02-05 03:51,456884779658332003617,165461607200820542000000000,93294942063094286685927877,341042036743980325541,810299982787224134026,797926816402312329158,117298076867441549038,456884779658332003617,100000000000000000000000000,341042036743980325541
21780031,2025-02-05 15:35,422624800585118553787,153911959417169556000000000,81850782333554683532853994,366589494939492495828,794702375491897486273,789214295524611049615,117298076867441549038,422624800585118553787,100000000000000000000000000,366589494939492495828
21783531,2025-02-06 03:18,422624800585118553787,153565293384415163142857142,81468608329095596528131354,368426697723559281613,796632013538461294298,791051498308677835400,117764039666037901485,422624800585118553787,100000000000000000000000000,368426697723559281613
21787031,2025-02-06 15:01,422624800585118553787,153565293384415163142857142,81459148675020569870708941,368426697723559281613,796724524488989760446,791051498308677835400,117764039666037901485,422624800585118553787,100000000000000000000000000,368426697723559281613
21790531,2025-02-07 02:44,422624800585118553787,153601559678019347428571428,81466889491257354951230150,368446697723559281613,796836959577947016876,791071498308677835400,117764039666037901485,422624800585118553787,100000000000000000000000000,368446697723559281613
21794031,2025-02-07 14:27,422624800585118553787,153601559678019347428571428,81457433062075502903344308,368446697723559281613,796929464730570582303,791071498308677835400,117764039666037901485,422624800585118553787,100000000000000000000000000,368446697723559281613
21797531,2025-02-08 02:11,415124800585118553787,150843513428211149142857142,78566304829365178787386385,376198832725959651039,797019581962574158758,791323633311078204826,117764039666037901485,415124800585118553787,100000000000000000000000000,376198832725959651039
21801031,2025-02-08 13:54,415124800585118553787,150478269382708441428571428,78171159957720178491628112,378198832725959651039,799108796692754333617,793323633311078204826,119764039666037901485,415124800585118553787,100000000000000000000000000,378198832725959651039
21804531,2025-02-09 01:38,415124800585118553787,150478269382708441428571428,78162432166112536223946297,378198832725959651039,799198026964332191707,793323633311078204826,120159470654875592495,415124800585118553787,100000000000000000000000000,378198832725959651039
21808031,2025-02-09 13:22,424124800585118553787,153726731373686257142857142,81571482306401379756373713,369198832725959651039,799290603100272570713,793323633311078204826,120159470654875592495,424124800585118553787,100000000000000000000000000,369198832725959651039
21811531,2025-02-10 01:05,424124800585118553787,153754809191670121142857142,81576728985526206821397291,369200472959256352836,799385175139716365469,793325273544374906623,120159470654875592495,424124800585118553787,100000000000000000000000000,369200472959256352836
21815031,2025-02-10 12:49,424124800585118553787,153754809191670121142857142,81567236833288713970549385,369200472959256352836,799478201286897611559,793325273544374906623,120159470654875592495,424124800585118553787,100000000000000000000000000,369200472959256352836
21818531,2025-02-11 00:33,424124800585118553787,153781597293840091714285714,81571956492979799983706884,369200572959256352836,799571226313838455915,793325373544374906623,120159470654875592495,424124800585118553787,100000000000000000000000000,369200572959256352836
21822031,2025-02-11 12:16,424124800585118553787,153781597293840091714285714,81562468248212593196380502,369200572959256352836,799664241246650370262,793325373544374906623,120159470654875592495,424124800585118553787,100000000000000000000000000,369200572959256352836
21825531,2025-02-12 00:00,424124800585118553787,153781597293840091714285714,81552979515136902772112939,369200572959256352836,799757282611668255600,793325373544374906623,120159470654875592495,424124800585118553787,100000000000000000000000000,369200572959256352836
21829031,2025-02-12 11:49,379418847861104700356,137322495031275118285714285,65140921385223922860543475,415408005693156492836,799846574813681940719,794826853554261193192,120159470654875592495,379418847861104700356,100000000000000000000000000,415408005693156492836
21832531,2025-02-12 23:36,377917367851218413787,136799298886505824000000000,64629874194433058794452551,416909767592222977428,799921578116479011126,794827135443441391215,120159470654875592495,377917367851218413787,100000000000000000000000000,416909767592222977428
21836031,2025-02-13 11:19,315733237003511718099,114391965429086114857142857,45146322587619626475647322,479705024413191109428,800006367340837257485,795438261416702827527,120159470654875592495,315733237003511718099,100000000000000000000000000,479705024413191109428
21839531,2025-02-13 23:05,283326909394873229485,102846716170216094285714285,36429008420015041183715372,511955024413191109428,799891171836266728174,795281933808064338913,120159470654875592495,283326909394873229485,100000000000000000000000000,511955024413191109428
21843031,2025-02-14 10:52,303326909394873229485,112407597097736014857142857,43556995664326524303366931,474815024413191109428,782796161675710958600,778141933808064338913,120159470654875592495,303326909394873229485,100000000000000000000000000,474815024413191109428
21846531,2025-02-14 22:37,301359855587998650885,112992374409704891428571428,44002764710470708770115334,467803377353125602607,773846049417686333935,769163232941124253492,120159470654875592495,301359855587998650885,100000000000000000000000000,467803377353125602607
21850031,2025-02-15 10:25,301359855587998650885,112992374409704891428571428,43999928289532258493502596,467803377353125602607,773895934797572908438,769163232941124253492,120159470654875592495,301359855587998650885,100000000000000000000000000,467803377353125602607
21853531,2025-02-15 22:12,301359855587998650885,113314498851342012857142857,44240531630273889081942354,465738855565620793123,771881343905438464725,767098711153619444008,120159470654875592495,301359855587998650885,100000000000000000000000000,465738855565620793123
21857031,2025-02-16 09:59,317599973479172030885,119335267118211863714285714,49098567386500758179614457,449498737674447413123,771934491968385383109,767098711153619444008,120159470654875592495,317599973479172030885,100000000000000000000000000,449498737674447413123
21860531,2025-02-16 21:44,317599973479172030885,119335267118211863714285714,49095062195106644089121655,449498737674447413123,771989605008619745103,767098711153619444008,120159470654875592495,317599973479172030885,100000000000000000000000000,449498737674447413123
21864031,2025-02-17 09:31,327719397098297208885,123104375370471933142857142,52255551491104755329848809,439386798199981706766,772046041528067471864,767106195298278915651,120159470654875592495,327719397098297208885,100000000000000000000000000,439386798199981706766
21867531,2025-02-17 21:16,286093668312308503961,106792240981039173714285714,39570683327911145076342651,483496404270928096766,772101500405662787318,769590072583236600727,120159470654875592495,286093668312308503961,100000000000000000000000000,483496404270928096766
21871031,2025-02-18 09:00,286093668312308503961,106792240981039173714285714,39568391052969095502677710,483496404270928096766,772146229768545637562,769590072583236600727,120159470654875592495,286093668312308503961,100000000000000000000000000,483496404270928096766
21874531,2025-02-18 20:43,286093668312308503961,106792240981039173714285714,39566099695059770937633775,483496404270928096766,772190946416999015706,769590072583236600727,120159470654875592495,286093668312308503961,100000000000000000000000000,483496404270928096766
21878031,2025-02-19 08:28,286093668312308503961,106792240981039173714285714,39563804042742871801814671,483496404270928096766,772235752066458698554,769590072583236600727,120159470654875592495,286093668312308503961,100000000000000000000000000,483496404270928096766
21881531,2025-02-19 20:12,287736258996526487761,107445654934070784000000000,40032096867545148311758858,481853813586710112966,772280575220766333687,769590072583236600727,120159470654875592495,287736258996526487761,100000000000000000000000000,481853813586710112966
21885031,2025-02-20 07:56,288736258996526487761,108933395876929021428571428,41144311410242095625016239,472983813586710112966,764456133235042931215,761720072583236600727,120168740786411811194,288736258996526487761,100000000000000000000000000,472983813586710112966
21888531,2025-02-20 19:42,288736258996526487761,108933395876929021428571428,41141828228430365807993492,472983813586710112966,764502273225598887780,761720072583236600727,120168740786411811194,288736258996526487761,100000000000000000000000000,472983813586710112966
21892031,2025-02-21 07:28,288736258996526487761,108933395876929021428571428,41139346049459804136241238,472983813586710112966,764548400149037722864,761720072583236600727,120168740786411811194,288736258996526487761,100000000000000000000000000,472983813586710112966
21895531,2025-02-21 19:12,268773434325594388257,106518119293237169142857142,39310703611714767473414806,456762007865858310009,728281056048436273464,725535442191452698266,120168740786411811194,268773434325594388257,100000000000000000000000000,456762007865858310009
21899031,2025-02-22 06:56,268773434325594388257,106887666569775478857142857,39580670392996954592976315,454262007865858310009,725823108748823836457,723035442191452698266,120168740786411811194,268773434325594388257,100000000000000000000000000,454262007865858310009
21902531,2025-02-22 18:41,234466709214860502257,92856080701066236000000000,29989813997417304318068480,490016450968660997698,725968479645904870920,724483160183521499955,120278740786411811194,234466709214860502257,100000000000000000000000000,490016450968660997698
21906031,2025-02-23 06:25,234466709214860502257,92856080701066236000000000,29988479661592633430547630,490016450968660997698,726000781575209210444,724483160183521499955,120278740786411811194,234466709214860502257,100000000000000000000000000,490016450968660997698
21909531,2025-02-23 18:10,208484074781936708380,82685578935343077142857142,23754683247135854604648912,515677450968660997695,725693802893468987747,724161525750597706075,120278740786411811194,208484074781936708380,100000000000000000000000000,515677450968660997695
21913031,2025-02-24 05:53,224984074781936708380,89187742813934330857142857,27649517472853099598381723,499177450968660997695,725720505559758938011,724161525750597706075,120278740786411811194,224984074781936708380,100000000000000000000000000,499177450968660997695
21916531,2025-02-24 17:38,224984074781936708380,89187742813934330857142857,27648378078556030886547450,499177450968660997695,725750412623491618152,724161525750597706075,120278740786411811194,224984074781936708380,100000000000000000000000000,499177450968660997695
21920031,2025-02-25 05:22,224984074781936708380,89187742813934330857142857,27647239425096016848745644,499177450968660997695,725780302704223882234,724161525750597706075,120278740786411811194,224984074781936708380,100000000000000000000000000,499177450968660997695
21923531,2025-02-25 17:06,224984074781936708380,89133534603287842857142857,27605336513764857886000638,499807450968660997695,726440186837248276258,724791525750597706075,123108740786411811194,224984074781936708380,100000000000000000000000000,499807450968660997695
21927031,2025-02-26 04:49,224984074781936708380,92188708192535413428571428,29526465139547967730200372,475790930383443383161,702454259933028364189,700775005165380091541,123108740786411811194,224984074781936708380,100000000000000000000000000,475790930383443383161
21930531,2025-02-26 16:33,224984074781936708380,92173901703929128000000000,29512027688061109016568418,475990930383443383161,702685027714613939021,700975005165380091541,123208740786411811194,224984074781936708380,100000000000000000000000000,475990930383443383161
21934031,2025-02-27 04:16,224984074781936708380,92173901703929128000000000,29510735701190673481028918,475990930383443383161,702715791428506110204,700975005165380091541,123673152977971250272,224984074781936708380,100000000000000000000000000,475990930383443383161
21937531,2025-02-27 15:59,224984074781936708380,92173901703929128000000000,29509444562050458890896520,475990930383443383161,702746537648105479470,700975005165380091541,123673152977971250272,224984074781936708380,100000000000000000000000000,475990930383443383161
21941031,2025-02-28 03:42,224984074781936708380,92173901703929128000000000,29508154637707251245466814,475990930383443383161,702777257626265645860,700975005165380091541,123673152977971250272,224984074781936708380,100000000000000000000000000,475990930383443383161
21944531,2025-02-28 15:25,216232074781936708380,88628350329913212285714285,27268234457686336000647095,484782794541538199174,702806487382811535611,701014869323474907554,123673152977971250272,216232074781936708380,100000000000000000000000000,484782794541538199174
21948031,2025-03-01 03:07,216232074781936708380,88628350329913212285714285,27267129028302060730961104,484782794541538199174,702834979672623413346,701014869323474907554,123673152977971250272,216232074781936708380,100000000000000000000000000,484782794541538199174
21951531,2025-03-01 14:50,216232074781936708380,88628350329913212285714285,27266022429303778479136002,484782794541538199174,702863504423033196950,701014869323474907554,123673152977971250272,216232074781936708380,100000000000000000000000000,484782794541538199174
21955031,2025-03-02 02:33,216232074781936708380,88628350329913212285714285,27264916549688624788735799,484782794541538199174,702892012943144027620,701014869323474907554,123673152977971250272,216232074781936708380,100000000000000000000000000,484782794541538199174
21958531,2025-03-02 14:16,224990249331941626109,92208570817153729714285714,29513973868990524955849484,476052138548044303174,702922264239403710689,701042387879985929283,123673152977971250272,224990249331941626109,100000000000000000000000000,476052138548044303174
21962031,2025-03-03 01:58,224990249331941626109,92208570817153729714285714,29512685433001714436634388,476052138548044303174,702952951732910129637,701042387879985929283,123673152977971250272,224990249331941626109,100000000000000000000000000,476052138548044303174
21965531,2025-03-03 13:41,224990249331941626109,92228316186094667142857142,29517671223653168594262293,476053138548044303174,702984720473028733839,701043387879985929283,123673152977971250272,224990249331941626109,100000000000000000000000000,476053138548044303174
21969031,2025-03-04 01:25,224990249331941626109,92228316186094667142857142,29516377714873690926533192,476053138548044303174,703015527671545925197,701043387879985929283,123673152977971250272,224990249331941626109,100000000000000000000000000,476053138548044303174
21972531,2025-03-04 13:08,224990249331941626109,87012323981796888571428571,26267351279443890704983363,518303138548044303174,745294957963139981840,743293387879985929283,123673152977971250272,224990249331941626109,100000000000000000000000000,518303138548044303174
21976031,2025-03-05 00:51,224990249331941626109,87012323981796888571428571,26266322992097579562160077,518303138548044303174,745324135148495296413,743293387879985929283,123673152977971250272,224990249331941626109,100000000000000000000000000,518303138548044303174
21979531,2025-03-05 12:36,224990249331941626109,93445831909281955428571428,30286352893065905993726220,467136074047815558218,694187282784835206650,692126323379757184327,123673152977971250272,224990249331941626109,100000000000000000000000000,467136074047815558218
21983031,2025-03-06 00:19,224990249331941626109,93530894214452291714285714,30336972475306428068551772,466577467994660471729,693659831305777679981,691567717326602097838,123523152977971250272,224990249331941626109,100000000000000000000000000,466577467994660471729
21986531,2025-03-06 12:03,224990249331941626109,106563894559336497142857142,39376520544747353949242189,381769850272024453881,608886637899907644466,606760099603966079990,123523152977971250272,224990249331941626109,100000000000000000000000000,381769850272024453881
21990031,2025-03-06 23:47,224990249331941626109,106577753462274230571428571,39379529883641909620204780,381767350272024453881,608919288665150895868,606757599603966079990,123593654683886050377,224990249331941626109,100000000000000000000000000,381767350272024453881
21993531,2025-03-07 11:32,224990249331941626109,106577753462274230571428571,39377255437647120673143539,381767350272024453881,608954460086365033723,606757599603966079990,123593654683886050377,224990249331941626109,100000000000000000000000000,381767350272024453881
21997031,2025-03-07 23:17,224990249331941626109,106577753462274230571428571,39374981899671992415458809,381767350272024453881,608989621527039666998,606757599603966079990,123593654683886050377,224990249331941626109,100000000000000000000000000,381767350272024453881
22000531,2025-03-08 11:01,224990249331941626109,106577753462274230571428571,39372709914677204416975137,381767350272024453881,609024763006635291116,606757599603966079990,123593654683886050377,224990249331941626109,100000000000000000000000000,381767350272024453881
22004031,2025-03-08 22:45,224990249331941626109,106577753462274230571428571,39370437546704688189286570,381767350272024453881,609059914466770419813,606757599603966079990,123593654683886050377,224990249331941626109,100000000000000000000000000,381767350272024453881
22007531,2025-03-09 10:30,224990249331941626109,106577753462274230571428571,39368165441013239947962974,381767350272024453881,609095065926905548509,606757599603966079990,123593654683886050377,224990249331941626109,100000000000000000000000000,381767350272024453881
22011031,2025-03-09 22:15,224990249331941626109,106577753462274230571428571,39365891662538507842807622,381767350272024453881,609130247328659190943,606757599603966079990,123593654683886050377,224990249331941626109,100000000000000000000000000,381767350272024453881
22014531,2025-03-10 09:57,224990249331941626109,106577753462274230571428571,39363625885883768323594408,381767350272024453881,609165308963938778425,606757599603966079990,123593654683886050377,224990249331941626109,100000000000000000000000000,381767350272024453881
22018031,2025-03-10 21:42,224990249331941626109,109515316250126811714285714,41527045068921234715532738,365912139861392072464,593345331166433271917,590902389193333698573,123593654683886050377,224990249331941626109,100000000000000000000000000,365912139861392072464
22021531,2025-03-11 09:25,224990249331941626109,109704485269796607428571428,41666469151840418832656674,364912139861392072464,592381355946826761850,589902389193333698573,123593654683886050377,224990249331941626109,100000000000000000000000000,364912139861392072464
22025031,2025-03-11 21:11,296990249331941626109,155170034222138501142857142,83564422727339147266589022,251967998389011119704,551478555686855415824,548958247720952745813,83593654683886050377,296990249331941626109,100000000000000000000000000,251967998389011119704
22028531,2025-03-12 08:54,276990249331941626109,144731163309550340285714285,72686254506134634267261258,272124181303699248730,551536480777542828772,549114430635640874839,83593654683886050377,276990249331941626109,100000000000000000000000000,272124181303699248730
22032031,2025-03-12 20:38,276990249331941626109,123040349569395842642857142,61786741963627303888417236,272124181303699248730,551590454877504998396,549114430635640874839,83593654683886050377,276990249331941626109,100000000000000000000000000,272124181303699248730
22035531,2025-03-13 08:22,276990249331941626109,114343527343638329914285714,53352501660645391840193006,314124181303699248731,593637433345893779311,591114430635640874840,83593654683886050377,276990249331941626109,100000000000000000000000000,314124181303699248731
22039031,2025-03-13 20:05,276990249331941626109,114343527343638329914285714,53348357072877043033310241,314124181303699248731,593683552525191434946,591114430635640874840,83593654683886050377,276990249331941626109,100000000000000000000000000,314124181303699248731
22042531,2025-03-14 07:48,276990249331941626109,114368952376981516885714285,53356304534752761521303643,314121726780360435680,593727112680740689289,591111976112302061789,83593654683886050377,276990249331941626109,100000000000000000000000000,314121726780360435680
22046031,2025-03-14 19:32,276990249331941626109,113991194154902044528571428,52997429396280056045292730,316121726780360435680,595773222405166829309,593111976112302061789,83593654683886050377,276990249331941626109,100000000000000000000000000,316121726780360435680
22049531,2025-03-15 07:16,276990249331941626109,113991194154902044528571428,52993336447856550537333229,316121726780360435680,595819237040871251992,593111976112302061789,83593654683886050377,276990249331941626109,100000000000000000000000000,316121726780360435680
22053031,2025-03-15 18:59,276990249331941626109,113991194154902044528571428,52989254591105662512319064,316121726780360435680,595865134058932579020,593111976112302061789,83593654683886050377,276990249331941626109,100000000000000000000000000,316121726780360435680
22056531,2025-03-16 06:42,276990249331941626109,113991194154902044528571428,52985165229185057766958557,316121726780360435680,595911122557382980447,593111976112302061789,83593654683886050377,276990249331941626109,100000000000000000000000000,316121726780360435680
22060031,2025-03-16 18:26,281055326738385078109,115684117781964065200000000,54556920721148150487163576,312056649373916983680,595958076296786349379,593111976112302061789,83593654683886050377,281055326738385078109,100000000000000000000000000,312056649373916983680
22063531,2025-03-17 06:09,281055326738385078109,115754381129679229685714285,54613015789833698402970761,311758800596956563491,595707542227647762762,592814127335341641600,83593654683886050377,281055326738385078109,100000000000000000000000000,311758800596956563491
22067031,2025-03-17 17:52,281055326738385078109,115754381129679229685714285,54608683475604577027275095,311758800596956563491,595754801969090544157,592814127335341641600,83593654683886050377,281055326738385078109,100000000000000000000000000,311758800596956563491
22070531,2025-03-18 05:37,281055326738385078109,145839831603591649128571428,86660072289779711107361567,188936858046182158334,472986698946621694341,469992184784567236443,83593654683886050377,281055326738385078109,100000000000000000000000000,188936858046182158334
22074031,2025-03-18 17:22,281055326738385078109,105459225756377399514285714,45304360557881009306194401,370136858046182158334,654238947146550157323,651192184784567236443,83593654683886050377,281055326738385078109,100000000000000000000000000,370136858046182158334
22077531,2025-03-19 05:06,281055326738385078109,105461165310055059985714285,45302105412308434061896533,370137969046182158334,654283548295641924739,651193295784567236443,83593654683886050377,281055326738385078109,100000000000000000000000000,370137969046182158334
22081031,2025-03-19 16:51,281055326738385078109,99329258102541940957142857,40178383034510148567588581,410637969046182158334,694826794465888105581,691693295784567236443,83593654683886050377,281055326738385078109,100000000000000000000000000,410637969046182158334
22084531,2025-03-20 04:35,282857182764997000109,99962818307884529728571428,40691455708190660972563064,408836113019570236334,694868263514250541333,691693295784567236443,83593654683886050377,282857182764997000109,100000000000000000000000000,408836113019570236334
22088031,2025-03-20 16:19,336096997038972587109,118565417857504831628571428,57335674582870818740082431,355696298745594649334,695020703680418273332,691793295784567236443,83593654683886050377,336096997038972587109,100000000000000000000000000,355696298745594649334
22091531,2025-03-21 04:02,370966727960861507109,130758262981562119014285714,69785843805906066465904177,320826567823705729334,695083161952263088055,691793295784567236443,83593654683886050377,370966727960861507109,100000000000000000000000000,320826567823705729334
22095031,2025-03-21 15:45,339062092278856192203,119509738163190173214285714,58291147910546070916548185,353066567823705729334,695152237034234202303,692128660102561921537,83593654683886050377,339062092278856192203,100000000000000000000000000,353066567823705729334
22098531,2025-03-22 03:27,342051692278856192203,120563109874053694342857142,59318374345231479840653470,350076967823705729334,695211495831171118757,692128660102561921537,125843654683886050377,342051692278856192203,100000000000000000000000000,350076967823705729334
22102031,2025-03-22 15:10,342051692278856192203,120563109874053694342857142,59313276687098794100854972,350076967823705729334,695271245531973455832,692128660102561921537,125843654683886050377,342051692278856192203,100000000000000000000000000,350076967823705729334
22105531,2025-03-23 02:53,344051692278856192203,121275212653052220257142857,60007258384959134355286214,348076967823705729334,695331586007254720981,692128660102561921537,125843654683886050377,344051692278856192203,100000000000000000000000000,348076967823705729334
22109031,2025-03-23 14:35,364011395902001742203,128273210392442500714285714,67150079392405760302481130,328072264200560179334,695351528907720361963,692083660102561921537,125843654683886050377,364011395902001742203,100000000000000000000000000,328072264200560179334
22112531,2025-03-24 02:19,364011395902001742203,128273210392442500714285714,67143571401216507978953433,328072264200560179334,695418926895779760696,692083660102561921537,125843654683886050377,364011395902001742203,100000000000000000000000000,328072264200560179334
22116031,2025-03-24 14:01,364011395902001742203,128273210392442500714285714,67137083159870436091550503,328072264200560179334,695486133357871386201,692083660102561921537,125843654683886050377,364011395902001742203,100000000000000000000000000,328072264200560179334
22119531,2025-03-25 01:44,383041280276222754403,125897529787999338371428571,64682070633858881611252473,359039828696956437529,745553605829766779063,742081108973179191932,125843654683886050377,383041280276222754403,100000000000000000000000000,359039828696956437529
22123031,2025-03-25 13:29,383041280276222754403,125897529787999338371428571,64676017102208215287512982,359039828696956437529,745623387992496846183,742081108973179191932,125843654683886050377,383041280276222754403,100000000000000000000000000,359039828696956437529
22126531,2025-03-26 01:15,561137687904252031403,230918850140871886937500000,173752114665229951800376507,180943421068927160529,745759382043868751760,742081108973179191932,125843654683886050377,561137687904252031403,100000000000000000000000000,180943421068927160529
22130031,2025-03-26 12:58,551243455777873374664,215694179711997064437500000,159265872938090386245496666,191858619640053531580,746550424282253955522,743102075417926906244,125843654683886050377,551243455777873374664,100000000000000000000000000,191858619640053531580
22133531,2025-03-27 00:39,551243455777873374664,159130284911073756257142857,103604391905558986753213768,291858619640053531580,846677699274167611610,843102075417926906244,125843654683886050377,551243455777873374664,100000000000000000000000000,291858619640053531580
22137031,2025-03-27 12:23,551243455777873374664,147840769347769445271428571,89398893332191324981269915,356658619640053531580,911602521714642195577,907902075417926906244,125843654683886050377,551243455777873374664,100000000000000000000000000,356658619640053531580
22140531,2025-03-28 00:06,551243455777873374664,147828369208921547171428571,89365285188249887851984113,356808619680778574273,911868864213593359999,908052075458651948937,125843654683886050377,551243455777873374664,100000000000000000000000000,356808619680778574273
22144031,2025-03-28 11:50,551243455777873374664,147799354114315777000000000,89311848837410419301039098,357058619680778574273,912235361648744291273,908302075458651948937,125843654683886050377,551243455777873374664,100000000000000000000000000,357058619680778574273
22147531,2025-03-28 23:34,551243455777873374664,147799354114315777000000000,89300436901098792915767033,357058619680778574273,912351938590690034863,908302075458651948937,125843654683886050377,551243455777873374664,100000000000000000000000000,357058619680778574273
22151031,2025-03-29 11:19,555250645068565849664,148887671029955739071428571,90600302418596146834875555,353051430390086099273,912469088681219886901,908302075458651948937,125843654683886050377,555250645068565849664,100000000000000000000000000,353051430390086099273
22154531,2025-03-29 23:04,555250645068565849664,148887671029955739071428571,90588557635687159972461546,353051430390086099273,912587390060968317389,908302075458651948937,125843654683886050377,555250645068565849664,100000000000000000000000000,353051430390086099273
22154532,2025-03-29 23:04,555250645068565849664,148887671029955739071428571,90588554303320540690505479,353051430390086099273,912587423631166883913,908302075458651948937,125843654683886050377,555250645068565849664,100000000000000000000000000,353051430390086099273
22158032,2025-03-30 10:47,555250645068565849664,149581318913216804271428571,91407331466830611683289982,348972395150477514444,908626501659870522422,904223040219043364108,125843654683886050377,555250645068565849664,100000000000000000000000000,348972395150477514444
22161532,2025-03-30 22:31,521380914146676929664,140302349406356003357142857,80380617867898289646093333,384300278291410756358,910057289067278540719,905681192438087686022,125884620196277767091,521380914146676929664,100000000000000000000000000,384300278291410756358
22165032,2025-03-31 10:13,518507021412995682664,139417082468657933742857142,79377548013908229310991943,387858386293636779422,910695000962333194475,906365407706632462086,125884620196277767091,518507021412995682664,100000000000000000000000000,387858386293636779422
22168532,2025-03-31 21:57,517060483966494177541,138461808607948115500000000,78290918785634164831442412,393086372958161866643,914449988327874622835,910146856924656044184,125884620196277767091,507306847161193355541,100000000000000000000000000,393086372958161866643
22172032,2025-04-01 09:41,437324520723080738665,117135460298335735185714285,56012232180666416504530450,473444025281149982068,914553965094944614448,910768546004230720733,125884620196277767091,427570883917779916665,100000000000000000000000000,473444025281149982068
22175532,2025-04-01 21:24,122166054635060147045,32835022027591310771428571,4386005236660275668781777,790920507053411415038,914573713099473533924,913086561688471562083,125884620196277767091,112412417829759325045,100000000000000000000000000,790920507053411415038
22179032,2025-04-02 09:07,174100977688255855045,46562191981625821371428571,8863596036821629652863432,739234855310754923169,914586259756510366890,913335832999010778214,125884620196277767091,100347340423315873045,100000000000000000000000000,739234855310754923169
22182532,2025-04-02 20:50,173060977688255855045,46287426010437968014285714,8759967869820299367013025,740155904020988172815,914449381445451128324,913216881709244027860,125884620196277767091,99307340423315873045,100000000000000000000000000,740155904020988172815
22186032,2025-04-03 08:34,173060977688255855045,46287426010437968014285714,8759842882921960318392896,740155904020988172815,914462428961645483190,913216881709244027860,125884620196277767091,99307340423315873045,100000000000000000000000000,740155904020988172815
22189532,2025-04-03 20:18,195928389511086956045,18496567201590135514285714,3966405386659579906184303,716507962881371246255,913674289441000299165,912436352392458202300,125884620196277767091,97307340423315873045,100000000000000000000000000,716507962881371246255
22193032,2025-04-04 08:01,315928389511086956045,29754616647974612914285714,10288381474849294175335917,596507963142600694476,913683861848842798832,912436352653687650521,125884620196277767091,97307340423315873045,100000000000000000000000000,596507963142600694476
22196532,2025-04-04 19:44,316928389511086956045,29849151686705950371428571,10353547389116067000212896,595507963142600694476,913700707284589137435,912436352653687650521,125884620196277767091,97307340423315873045,100000000000000000000000000,595507963142600694476
22200032,2025-04-05 07:28,341182486621097594045,32125324191889441542857142,11995587590437370846514686,571260992804419877009,913719141197826737888,912443479425517471054,125884620196277767091,93300151132623398045,100000000000000000000000000,571260992804419877009
22203532,2025-04-05 19:12,341182486621097594045,32125324191889441542857142,11995334794377085140144158,571260992804419877009,913738397400597395498,912443479425517471054,125884620196277767091,93300151132623398045,100000000000000000000000000,571260992804419877009
22203533,2025-04-05 19:13:11,341182486621097594045,32125324191889441542857142,11995334722581932817959819,571260992804419877009,913738402869555864869,912443479425517471054,125884620196277767091,93300151132623398045,100000000000000000000000000,571260992804419877009
22207033,2025-04-06 06:56:47,341182486621097594045,32125324191889441542857142,11995082152555722736103697,571260992804419877009,913757642665451114363,912443479425517471054,125884620196277767091,93300151132623398045,100000000000000000000000000,571260992804419877009
22210533,2025-04-06 18:41:59,341182486621097594045,32125324191889441542857142,11994829018852544687969570,571260992804419877009,913776926213014118832,912443479425517471054,125884620196277767091,93300151132623398045,100000000000000000000000000,571260992804419877009
22214033,2025-04-07 06:26:11,341182486621097594045,32125324191889441542857142,11994576254763318829067451,571260992804419877009,913796182415784776441,912443479425517471054,125884620196277767091,93300151132623398045,100000000000000000000000000,571260992804419877009
22214034,2025-04-07 06:26:23,341182486621097594045,32125324191889441542857142,11994576182977246327659761,571260992804419877009,913796187884743245812,912443479425517471054,125884620196277767091,93300151132623398045,100000000000000000000000000,571260992804419877009
22214035,2025-04-07 06:26:35,341182486621097594045,32125324191889441542857142,11994576111191174685500676,571260992804419877009,913796193353701715184,912443479425517471054,125884620196277767091,93300151132623398045,100000000000000000000000000,571260992804419877009
22214036,2025-04-07 06:26:47,341182486621097594045,32125324191889441542857142,11994576039405103902603305,571260992804419877009,913796198822660184556,912443479425517471054,125884620196277767091,93300151132623398045,100000000000000000000000000,571260992804419877009
22217536,2025-04-07 18:11:35,341182486621097594045,32125324191889441542857142,11994323070628469842279078,571260992804419877009,913815471432306250280,912443479425517471054,125884620196277767091,93300151132623398045,100000000000000000000000000,571260992804419877009
22221036,2025-04-08 05:56:47,339360145162917799945,31957194233385177257142857,11867570629433746079443075,573124094989083311852,913834719225818154179,912484240152001111797,125884620196277767091,91800151132623398045,100000000000000000000000000,573124094989083311852
22221037,2025-04-08 05:56:59,339360145162917799945,31957194233385177257142857,11867570559072085143532949,573124094989083311852,913834724643854503369,912484240152001111797,125884620196277767091,91800151132623398045,100000000000000000000000000,573124094989083311852
22221038,2025-04-08 05:57:11,339360145162917799945,31957194233385177257142857,11867570488710425041970562,573124094989083311852,913834730061890852558,912484240152001111797,125884620196277767091,91800151132623398045,100000000000000000000000000,573124094989083311852
22224538,2025-04-08 17:39:11,296760145162917799945,27931092726520515342857142,9067925799930452064118282,616209817430551837155,914082813971053692193,912969962593469637100,126116724068796231591,49200151132623398045,100000000000000000000000000,616209817430551837155
22228038,2025-04-09 05:22:47,307170775322139945445,28977610844524219714285714,9760828462681528853422319,603618666508071626116,911918002055577628502,910789441830211571561,126116724068796231591,49200151132623398045,100000000000000000000000000,603618666508071626116
22231538,2025-04-09 17:06:35,308201311942438690845,30438338814451727828571428,10769178544017482967188614,561763458057276193999,871109706057748025796,869964769999714884844,126116724068796231591,49200151132623398045,100000000000000000000000000,561763458057276193999
22231539,2025-04-09 17:06:47,308201311942438690845,30438338814451727828571428,10769178485388528287506305,561763458057276193999,871109710800194401514,869964769999714884844,126116724068796231591,49200151132623398045,100000000000000000000000000,561763458057276193999
22231540,2025-04-09 17:06:59,308201311942438690845,30438338814451727828571428,10769178426759574246205255,561763458057276193999,871109715542640777231,869964769999714884844,126116724068796231591,49200151132623398045,100000000000000000000000000,561763458057276193999
22231541,2025-04-09 17:07:11,308201311942438690845,30438338814451727828571428,10769178368130620843260727,561763458057276193999,871109720285087152949,869964769999714884844,126116724068796231591,49200151132623398045,100000000000000000000000000,561763458057276193999
22235041,2025-04-10 04:49:47,336558635295154109245,33063593793995357485714285,12710145591462401301035989,537785969708868377489,875508303597650591836,874344605004022486734,126116724068796231591,49200151132623398045,100000000000000000000000000,537785969708868377489
