block_number,timestamp,spot_price
22182585,2025-04-02 21:01:11,2286227858989217406
22186085,2025-04-03 08:45:11,2286284783599727638
22189585,2025-04-03 20:29:35,2286252141931115536
22193085,2025-04-04 08:12:11,2286352881234685956
22196585,2025-04-04 19:55:11,2286568828355730099
22200085,2025-04-05 07:39:23,2287165439046423834
22203585,2025-04-05 19:23:35,2287452305815790085
22207085,2025-04-06 07:07:35,2287424519770663560
22210585,2025-04-06 18:52:23,2286818934772200332
22214085,2025-04-07 06:36:35,2286817069944919370
22217585,2025-04-07 18:21:35,2287364430662176632
22221085,2025-04-08 06:06:35,2288076805640345258
22224585,2025-04-08 17:48:35,2288084257657228493
22228085,2025-04-09 05:32:11,2288276254682746941
22231585,2025-04-09 17:15:59,2288148141167467218
22235085,2025-04-10 04:58:35,2288229682614584158
22238585,2025-04-10 16:39:35,2288659938652288728
22242085,2025-04-11 04:22:59,2288771001405994335
22245585,2025-04-11 16:05:11,2288820108721198810
22249085,2025-04-12 03:47:47,2288972561362164709
22252585,2025-04-12 15:28:59,2289035485561249584
22256085,2025-04-13 03:12:11,2289198261612075744
22259585,2025-04-13 14:54:35,2289000460594112693
22263085,2025-04-14 02:36:59,2289222918550913782
22266585,2025-04-14 14:18:59,2289533782651490255
22270085,2025-04-15 02:03:11,2289731394930247135
22273585,2025-04-15 13:47:47,2289632988255279384
22277085,2025-04-16 01:31:35,2289581392265907539
22280585,2025-04-16 13:13:23,2289543654417133031
22284085,2025-04-17 00:56:47,2289763338939174435
22287585,2025-04-17 12:41:23,2290146445946894326
22291085,2025-04-18 00:24:35,2290350279349986086
22294585,2025-04-18 12:06:35,2290525684615317659
22298085,2025-04-18 23:50:59,2290792010563416436
22301585,2025-04-19 11:33:35,2290616262350886695
22301586,2025-04-19 11:33:47,2290616278756916652
22303586,2025-04-19 18:15:59,2290747631227736574
22305586,2025-04-20 00:58:11,2290517420647076415
22307586,2025-04-20 07:40:11,2290866191194209825
22309586,2025-04-20 14:21:47,2290541957546304635
22311586,2025-04-20 21:04:35,2290994032381817368
22313586,2025-04-21 03:46:59,2291020561149245583
22315586,2025-04-21 10:28:59,2291276406832639750
22317586,2025-04-21 17:10:11,2291370163177931931
22319586,2025-04-21 23:51:47,2291270267177332161
22321586,2025-04-22 06:34:23,2291609789375265856
22323586,2025-04-22 13:15:59,2291628384597351956
22325586,2025-04-22 19:57:23,2291802790209529683
22327586,2025-04-23 02:38:59,2291676437934374262
22329586,2025-04-23 09:22:23,2291751511520143671
22331586,2025-04-23 16:05:23,2291986511176312551
22331587,2025-04-23 16:05:35,2291986525942130146
22333587,2025-04-23 22:46:35,2292195614323634434
22335587,2025-04-24 05:27:23,2292364914187181690
22337587,2025-04-24 12:09:11,2292337667520015978
22339587,2025-04-24 18:53:35,2292489345265636876
22341587,2025-04-25 01:35:35,2292432354660170285
22343587,2025-04-25 08:16:47,2292363086027179717
22345587,2025-04-25 14:57:47,2292505550620457316
22347587,2025-04-25 21:40:35,2292654277631455298
22349587,2025-04-26 04:21:23,2292663890083797051
22351587,2025-04-26 11:02:23,2292695688367266881
22353587,2025-04-26 17:43:59,2292843050513149177
22355587,2025-04-27 00:25:11,2292996725097443548
22357587,2025-04-27 07:05:59,2292934957650870856
22359587,2025-04-27 13:46:47,2292924105583587944
22361587,2025-04-27 20:28:23,2293073054188397160
22363587,2025-04-28 03:09:47,2293101000083734945
22365587,2025-04-28 09:51:11,2293230675055361974
22367587,2025-04-28 16:33:47,2293621001022649634
22369587,2025-04-28 23:16:47,2293638862264267979
22371587,2025-04-29 05:58:23,2294032738123424465
22373587,2025-04-29 12:41:11,2293666840131877141
22375587,2025-04-29 19:23:23,2293810117433095899
22377587,2025-04-30 02:06:59,2293843132562334870
22379587,2025-04-30 08:49:47,2293915113796047640
22381587,2025-04-30 15:32:59,2293920830931186098
22383587,2025-04-30 22:16:23,2294270430485700851
22385587,2025-05-01 04:58:59,2294298627936648275
22387587,2025-05-01 11:43:35,2294325547551133098
22389587,2025-05-01 18:26:47,2294346263606568643
22391587,2025-05-02 01:09:47,2294324313725364005
22393587,2025-05-02 07:54:47,2294345858249108518
22395587,2025-05-02 14:39:59,2294669518127488904
22397587,2025-05-02 21:24:59,2294861556987258264
22399587,2025-05-03 04:08:47,2294832713439272647
22401587,2025-05-03 10:53:23,2294858157287165416
22403587,2025-05-03 17:34:59,2295073281766993420
22405587,2025-05-04 00:16:59,2295010396910443736
22407587,2025-05-04 07:00:35,2295107909604341590
22409587,2025-05-04 13:44:47,2295139625350864419
22411587,2025-05-04 20:29:23,2295292360559672684
22413587,2025-05-05 03:12:23,2295441111159436481
22415587,2025-05-05 09:55:35,2295466303489459126
22417587,2025-05-05 16:37:35,2295671209463211492
22419587,2025-05-05 23:21:23,2295655579895051348
22421587,2025-05-06 06:06:23,2295631566467893627
22421588,2025-05-06 06:06:35,2295631581618447672
22423588,2025-05-06 12:51:23,2295658724166377801
22425588,2025-05-06 19:34:23,2295849184947285995
22427588,2025-05-07 02:17:59,2295818394730888920
22429588,2025-05-07 09:02:47,2295800266610719266
22431588,2025-05-07 15:52:23,2295844575580316881
22433588,2025-05-07 22:43:11,2296048870825240915
22435588,2025-05-08 05:33:11,2296087313417299528
22437588,2025-05-08 12:18:23,2296114200274068218
22439588,2025-05-08 19:06:11,2296513557541921702
22441588,2025-05-09 01:51:59,2296798856188372256
22443588,2025-05-09 08:36:47,2296754336475399321
22445588,2025-05-09 15:22:35,2296908129378571034
22447588,2025-05-09 22:11:23,2297218266262343337
22449588,2025-05-10 04:58:47,2297118693751801958
22451588,2025-05-10 11:44:47,2297118074086652550
22453588,2025-05-10 18:28:47,2297286131214162065
22455588,2025-05-11 01:15:11,2297187646887737164
22457588,2025-05-11 08:01:11,2297216259881619021
22459588,2025-05-11 14:45:35,2297221768230378017
22461588,2025-05-11 21:30:23,2297406559672738540
22463588,2025-05-12 04:15:59,2297437195168904408
22465588,2025-05-12 11:01:11,2297424313670253430
22467588,2025-05-12 17:46:23,2297469170356167597
22469588,2025-05-13 00:33:23,2297632863912824392
22471588,2025-05-13 07:19:35,2297669290737223415
22473588,2025-05-13 14:03:11,2297817624939985553
22475588,2025-05-13 20:49:23,2298168170338548485
22477588,2025-05-14 03:33:23,2298161295680519631
22479588,2025-05-14 10:19:59,2298157849791856587
22481588,2025-05-14 17:05:35,2298351728788599499
22483588,2025-05-14 23:50:35,2298365935219503560
22485588,2025-05-15 06:36:11,2298409084641805289
22487588,2025-05-15 13:20:59,2298445168386776000
22489588,2025-05-15 20:05:23,2298655570494642369
22491588,2025-05-16 02:49:23,2298690469389860506
22493588,2025-05-16 09:33:47,2298725885757154968
22495588,2025-05-16 16:18:47,2298709622039852758
22497588,2025-05-16 23:04:47,2298916397134137501
22499588,2025-05-17 05:48:47,2299016458220144395
22501588,2025-05-17 12:32:35,2299005103423135110
22503588,2025-05-17 19:16:11,2299182113099837783
22505588,2025-05-18 02:00:11,2299146046936542976
22507588,2025-05-18 08:45:11,2299162258739193471
22509588,2025-05-18 15:30:23,2299171136800191512
22511588,2025-05-18 22:14:23,2299347305068803102
22513588,2025-05-19 04:57:47,2299369502331881841
22515588,2025-05-19 11:41:35,2299619314951978139
22517588,2025-05-19 18:25:23,2299750851031404204
22519588,2025-05-20 01:09:59,2299805462435941191
22521588,2025-05-20 07:53:35,2299832379541430564
22523588,2025-05-20 14:39:11,2299856543707428611
22525588,2025-05-20 21:23:23,2300026698221504596
22527588,2025-05-21 04:06:23,2300031246548209331
22529588,2025-05-21 10:49:35,2300044144938565746
22531588,2025-05-21 17:33:11,2299856301051927419
22533588,2025-05-22 00:16:47,2300212214880282107
22535588,2025-05-22 06:59:35,2300252639035254145
22537588,2025-05-22 13:41:59,2300258546185222228
22539588,2025-05-22 20:24:23,2300399809319771183
22541588,2025-05-23 03:07:11,2300449039581738555
22543588,2025-05-23 09:49:11,2300589171589158115
22545588,2025-05-23 16:32:47,2300728032170531862
22547588,2025-05-23 23:15:11,2300786016495752867
22549588,2025-05-24 05:59:59,2300813102528900579
22551588,2025-05-24 12:44:11,2300897271178402043
22553588,2025-05-24 19:27:23,2301198227313196481
22555588,2025-05-25 02:10:35,2301164053233329108
22557588,2025-05-25 08:53:59,2301208545374534265
22559588,2025-05-25 15:38:23,2301253383200269500
22561588,2025-05-25 22:21:11,2301422380220334812
22563588,2025-05-26 05:05:23,2301470079905925481
22565588,2025-05-26 11:50:35,2301505106493681055
22567588,2025-05-26 18:34:11,2301710222981972963
22569588,2025-05-27 01:16:23,2301765073918131285
22571588,2025-05-27 07:58:11,2301812772514562950
22573588,2025-05-27 14:41:11,2301859528137442608
22575588,2025-05-27 21:23:35,2302045437687822289
22577588,2025-05-28 04:05:23,2302093708855341456
22579588,2025-05-28 10:49:59,2302150846393301368
22581588,2025-05-28 17:34:47,2302348069459327975
22583588,2025-05-29 00:17:23,2302331184283705575
22585588,2025-05-29 07:00:23,2302640643760710506
22587588,2025-05-29 13:43:11,2302640643760710506
22589588,2025-05-29 20:27:23,2302649398377185201
22589589,2025-05-29 20:27:35,2302649398377185201
22591589,2025-05-30 03:10:59,2302649398377185201
22593589,2025-05-30 09:53:23,2302649398377185201
22595589,2025-05-30 16:36:35,2302657880430712350
22597589,2025-05-30 23:18:59,2302657880430712350
22599589,2025-05-31 06:00:23,2302657880430712350
22601589,2025-05-31 12:42:35,2302657880430712350
22603589,2025-05-31 19:25:59,2302666605110375156
22605589,2025-06-01 02:09:11,2302666605110375156
22607589,2025-06-01 08:52:11,2302666605110375156
22609589,2025-06-01 15:34:59,2302666605110375156
22611589,2025-06-01 22:19:11,2302674438433828734
22613589,2025-06-02 05:01:47,2302674438433828734
22615589,2025-06-02 11:44:11,2302674438433828734
22617589,2025-06-02 18:29:35,2302682415168576410
22619589,2025-06-03 01:13:35,2302682415168576410
22621589,2025-06-03 07:56:35,2302682415168576410
22623589,2025-06-03 14:40:23,2302682415168576410
22625589,2025-06-03 21:22:35,2302690743681141751
